{"cameraMode":{"drawMode":0,"name":"Shaded","section":"Shading Mode"},"sceneLighting":true,"audioPlay":false,"sceneViewState":{"m_AlwaysRefresh":false,"showFog":true,"showSkybox":true,"showFlares":true,"showImageEffects":true,"showParticleSystems":true,"showVisualEffectGraphs":true,"m_FxEnabled":true},"in2DMode":false,"pivot":{"x":-0.24514684081077577,"y":1.3239012956619263,"z":0.275844931602478},"rotation":{"x":0.003847725922241807,"y":-0.5187540054321289,"z":0.002333634067326784,"w":0.8549133539199829},"size":0.3347419500350952,"orthographic":false}